beta,bookValue,debtToEquity,dividendRate,dividendYield,earningsGrowth,ebitda,ebitdaMargins,enterpriseToEbitda,enterpriseToRevenue,grossMargins,heldPercentInsiders,heldPercentInstitutions,operatingMargins,payoutRatio,priceToBook,profitMargins,revenueGrowth,sharesOutstanding,trailingEps,PE,ROE,ROCE,log_return
0.838,139.391,44.017,1.0,0.002,-0.3,3020440320.0,0.12467,17.322,2.159,0.34325,0.62308997,0.08377,0.09486,0.0543,3.6591313,0.064720005,-0.16,91270000.0,18.41,36.3,12.4,13.7,0.038585471825776
0.705,145.923,61.283,1.0,0.0019,0.953,10786275328.0,0.15831,20.673,3.273,0.3696,0.43581,0.23774,0.109969996,0.1125,3.632395,0.07096,0.312,362519008.0,13.34,39.6,8.24,7.47,-0.327531659
0.914,104.641,12.085,1.5,0.0053,0.204,834374976.0,0.11968,18.751,2.244,0.19728,0.54757,0.00611,0.08089,0.1492,2.714997,0.06837,0.06,55822900.0,8.38,72.2,4.78,6.92,0.7342693551615014
0.456,280.424,34.158,6.0,0.0058,-0.004,5986601984.0,0.24649,11.562,2.85,0.50821,0.70585,0.01708,0.18493,0.1288,3.704747,0.103369996,0.014,64697400.0,38.78,26.6,14.5,17.7,0.2579182276488962
0.919,238.87,6.564,0.5,0.0005,-0.385,3714511616.0,0.092609994,17.657,1.635,0.18330999,0.55358005,0.35181,0.049439996,0.0075,4.5380335,0.08866999,0.204,66987600.0,53.1,33.7,16.4,23.9,0.007346501
0.822,344.58,59.666,7.5,0.0056,0.995,2184939520.0,0.1328,11.319,1.503,0.51402,0.78474,0.09672,0.081420004,0.1549,3.8136282,0.04305,0.243,16261800.0,43.63,40.2,9.26,12.7,0.4340818097686734
0.695,247.87,0.25,10.0,0.0044,-0.017,2576570112.0,0.18011999,45.075,8.119,0.46082002,0.72892,0.03654,0.15362,0.3458,9.1277685,0.10344,-0.025,51136000.0,28.92,78.7,12.3,16.5,0.1000245268668518
0.759,99.69,0.599,7.2,0.0093,-0.331,485169248.0,0.11359999,41.796,4.748,0.49608,0.59043,0.07758,0.02342,0.3129,7.793159,0.09968001,0.075,28891500.0,14.74,52.7,15.5,21.3,0.1644319605655324
0.43,100.635,36.099,5.5,0.013099999,0.218,1210765312.0,0.10231,19.287,1.973,0.2864,0.60978,0.00464,0.0653,0.1835,4.203309,0.04779,0.212,51845000.0,10.91,38.6,10.8,13.5,-0.062057786
0.685,245.122,10.65,11.0,0.0094,0.114,9480999936.0,0.15039,24.707,3.716,0.71816003,0.70712,0.15648,0.10744,0.2498,4.777213,0.09992,0.051,196563008.0,31.99,30.9,14.3,14.4,0.2016233746889604
0.834,145.871,11.022,1.0,0.0018,-0.138,957381760.0,0.092489995,24.632,2.278,0.28570998,0.5646,0.17965001,0.0617,0.059299998,3.907562,0.039979998,0.185,41183000.0,10.12,59.7,8.71,13.0,-0.129532597
0.55,200.256,27.793,1.0,0.0039,0.532,589512512.0,0.10828,6.851,0.742,0.43118998,0.55379003,0.01701,0.09909,0.0592,1.2743688,0.04032,0.261,13004300.0,16.89,13.8,9.18,16.9,0.011610863
0.634,135.41,40.0,3.75,0.0104,-0.405,7893899776.0,0.10232,13.79,1.411,0.49076,0.41996,0.25113,0.044439998,0.3167,2.6585925,0.04019,-0.012,261730000.0,11.85,32.0,9.5,12.8,0.1486010834321431
0.562,96.787,84.415,2.0,0.0027,-0.248,7131100160.0,0.16204001,27.536,4.462,0.47568,0.65060997,0.06894,0.11892,0.1609,7.592962,0.06866,0.04,243090000.0,12.43,58.4,14.8,15.0,0.2287543523294317
1.065,513.691,128.104,10.0,0.013400001,-0.608,3137148416.0,0.11536,8.951,1.033,0.22105,0.71314,0.00665,0.06061,0.17459999,1.4561284,0.042150002,0.038,20018400.0,57.24,13.0,13.4,12.9,0.2587522097311181
0.69,173.619,0.615,6.75,0.0111,0.205,4800757248.0,0.09021,15.051,1.358,0.20377001,0.70658994,0.0851,0.09667,0.22469999,3.5238078,0.07121,-0.031,136246000.0,27.83,25.3,15.2,20.2,0.1988066542321149
-0.055,167.01,110.255,1.2,0.0023,0.772,607756480.0,0.12096,15.101,1.827,0.2517,0.62259,0.0471,0.10155,0.035,3.101611,0.06886,0.225,13932700.0,28.61,29.0,15.6,15.0,-0.069085981
0.585,125.11,103.913,3.0,0.0033,-0.242,2029246464.0,0.043319996,57.023,2.47,0.29373,0.63191,0.21482,0.03762,0.3643,7.20406,0.02606,0.038,115277000.0,10.99,78.3,7.74,12.7,-0.042858868
1.15,531.421,1.04,11.0,0.0049,-0.179,2943140608.0,0.18834999,24.035,4.527,0.43975,0.74647003,0.03691,0.1415,0.1824,4.1991186,0.12505999,-0.17,32401000.0,60.33,40.7,11.6,15.9,0.014250411
0.919,168.574,59.076,5.5,0.0085,-0.047,7956715008.0,0.14142999,18.972,2.683,0.27882,0.43307,0.33436,0.086899996,0.11399999,3.844899,0.09441,0.023,201748992.0,26.34,30.5,13.3,13.1,0.5687143980641656
0.602,156.288,66.31,1.0,0.0071,-0.882,930454272.0,0.075500004,8.797,0.664,0.56478,0.67245,0.01094,0.01924,0.3793,0.8936067,0.021979999,-0.104,34232100.0,7.92,18.0,6.69,8.66,-0.053674895
0.959,92.386,9.954,0.5,0.0039,0.399,1589367040.0,0.20007999,8.405,1.682,0.49467,0.62319,0.06944,0.14965001,0.0653,1.3868985,0.10256,0.151,105302000.0,7.66,13.8,7.91,11.2,0.1536878361289657
0.193,39.032,102.903,1.0,0.0042,-0.096,1754758784.0,0.27737,13.052,3.62,0.63303,0.79147005,0.01937,0.16729,0.12060001,6.0819325,0.096990004,0.145,83638000.0,7.47,33.0,22.3,18.0,0.1513115842100312
0.626,164.288,5.265,4.0,0.0027,-0.003,7376982528.0,0.15707,37.527,5.895,0.61412996,0.42624,0.37267,0.118710004,0.1446,8.923354,0.09814999,-0.005,190308992.0,24.22,79.7,16.3,21.2,0.1635381806936342
1.108,132.008,87.188,2.0,0.0025,0.369,1322919936.0,0.17798,18.643,3.318,0.53721,0.48049998,0.09631,0.13534,0.0864,6.0916767,0.08364,0.42,28415600.0,23.14,55.1,15.1,16.1,-0.155961608
0.635,99.539,34.942,1.0,0.0011,-0.604,5050289664.0,0.12625,41.187,5.2,0.47168,0.72642,0.19108,0.07714,0.081099994,9.089402,0.06847,0.128,222172992.0,12.31,66.0,15.4,19.1,0.347216016367712
0.652,163.45,7.763,5.0,0.0092,-0.281,12008080384.0,0.12997,16.939,2.202,0.45376998,0.66541,0.23042999,0.12055001,0.234,3.3037627,0.107329994,-0.012,379361984.0,21.38,35.3,11.9,15.0,0.130105338
0.144,270.355,7.755,6.0,0.0043,-0.765,1977978752.0,0.10727,17.42,1.869,0.36879003,0.73172,0.06382,0.08834,0.0625,5.137689,0.071339995,0.066,27300100.0,47.97,45.8,20.0,24.5,0.086641969
0.682,137.883,24.515,2.25,0.0068,-0.177,1652355200.0,0.11281,11.08,1.25,0.2156,0.78723,0.00145,0.08451,0.0467,2.4078386,0.07564,0.378,49725600.0,21.44,15.5,17.4,20.2,0.4611408723067782
1.21,39.309,49.91,0.1,0.0012,-0.577,3618725120.0,0.13911,8.453,1.176,0.24154,0.67564005,0.00473,0.0438,0.0376,2.069755,0.03243,-0.111,332240992.0,2.66,33.0,11.0,14.0,-0.085443642
0.29,208.866,2.201,10.0,0.0124,-0.178,839329984.0,0.22472,14.792,3.324,0.55985,0.5794,0.02911,0.16525999,0.27969998,3.868509,0.13838,0.17,15994200.0,32.15,22.4,17.5,23.8,-0.106794435
0.578,513.342,77.777,3.0,0.0039,1.223,2033900032.0,0.077649996,13.042,1.013,0.33756,0.49144,0.0177,0.063200004,0.16610001,1.4980267,0.030250002,0.049,25901400.0,30.11,44.0,3.13,5.92,0.3402252826777054
1.382,362.267,48.775,5.0,0.0094,-0.108,4675700224.0,0.15453,11.161,1.725,0.28086,0.83107,0.00436,0.088920005,0.18270001,1.4740509,0.087869994,0.152,80939296.0,32.85,15.9,8.51,9.84,0.3907782589093607
0.502,208.291,1.424,5.0,0.0082,-0.211,2206749952.0,0.14212,14.421,2.049,0.34283,0.77397,0.0092,0.10812,0.118599996,2.9509196,0.12015,0.007,59004000.0,31.61,51.4,10.1,13.0,0.0136884214623425
0.47,418.238,32.989,10.2,0.01,0.771,10409700352.0,0.09155,16.695,1.528,0.30224,0.76761,0.09327,0.056149997,0.24149999,2.4459758,0.043169998,0.035,154578000.0,31.46,33.9,6.22,8.59,0.1003547325636784
0.36,514.168,72.34,3.0,0.0048,-0.802,799557760.0,0.10257,14.507,1.488,0.4926,0.62539,0.055219997,0.025050001,0.2027,1.2031085,0.03326,-0.104,14007500.0,18.48,21.4,7.08,7.67,0.008176607
0.308,428.297,76.181,8.5,0.008,0.776,14667225088.0,0.16966999,11.54,1.958,0.35226002,0.46752,0.10802,0.16173,0.2391,2.4627771,0.061079998,-0.014,126238000.0,41.8,45.9,8.74,11.5,0.6758157234154769
0.39,305.521,11.128,2.0,0.0018,-0.298,1419096448.0,0.085930005,18.761,1.612,0.32789,0.5507,0.23878999,0.02961,0.048699997,3.6781433,0.029749999,0.087,23873400.0,20.5,54.7,7.6,10.7,0.2290686624882365
0.671,122.568,1.763,8.0,0.014199999,0.127,1134001536.0,0.088470004,15.809,1.399,0.15702,0.605,0.00161,0.076620005,0.1863,4.6178446,0.07433,0.154,35504800.0,26.82,21.5,22.3,29.5,0.6289630039421805
0.644,137.721,40.978,3.0,0.0055,0.055,1597173248.0,0.10123,21.387,2.165,0.53903997,0.77502996,0.016280001,0.08145001,0.187,3.9681678,0.05766,0.017,56716100.0,16.04,34.8,11.8,13.9,0.009097462
0.395,97.189,55.742,0.5,0.0009,0.008,786092992.0,0.09884,17.067,1.687,0.18239,0.68173,0.00321,0.0928,0.0291,5.7105227,0.04776,0.15,24229300.0,17.18,35.5,19.3,24.1,0.3403430900011805
0.609,96.212,91.924,0.3,0.0022,0.024,382580000.0,0.10002,10.327,1.033,0.36396998,0.61875,0.01214,0.06725,0.053200003,1.4109467,0.026099999,0.059,17690200.0,5.64,24.0,6.03,8.43,0.2596637215072546
1.002,353.856,15.376,8.5,0.0036,0.247,13563265024.0,0.12776,23.931,3.057,0.41336,0.76822,0.16471,0.08682,0.1366,6.666554,0.0679,0.153,140663008.0,51.32,53.2,15.7,21.1,0.2467385729138396
0.687,393.964,4.263,5.0,0.0038,0.184,1552860032.0,0.15654999,11.895,1.862,0.40325,0.71045,0.00067,0.120459996,0.082399994,3.2972558,0.094919994,0.12,15519700.0,60.65,24.3,16.0,20.7,0.003501765
-0.243,222.667,2.524,7.5,0.0065,1.264,767009728.0,0.122559994,19.547,2.396,0.26814,0.65236,0.058080003,0.11637,0.2025,5.1996927,0.07707,0.027,13020900.0,37.01,30.9,14.7,19.4,-0.073181844
0.757,323.434,0.365,8.0,0.0062,0.521,5695074816.0,0.11298,30.056,3.396,0.20823,0.58643,0.20606,0.09436,0.1456,4.009783,0.14585,0.022,152939008.0,48.03,35.3,14.2,18.7,0.2754956232107952
0.918,70.93,117.633,0.3,0.0023,-0.504,1154887936.0,0.11797,10.598,1.25,0.32014,0.54252,0.123100005,0.085939996,0.05,1.8639505,0.03002,-0.143,73118496.0,5.0,32.5,12.2,16.0,-0.200639768
1.138,69.766,7.481,4.0,0.0087,0.373,3105857536.0,0.08765,20.464,1.794,0.24261999,0.55916,0.14406,0.07603,0.2335,6.5648026,0.054840002,0.175,143644000.0,13.48,34.0,19.6,26.7,0.2934425416263559
0.668,338.067,33.762,3.5,0.0032,-0.605,1384455552.0,0.05567,24.914,1.387,0.28086,0.56247,0.011109999,0.04364,0.2373,3.2876618,0.029360002,0.127,28890400.0,25.3,43.1,10.4,9.56,0.3608938045327949
0.68,186.761,26.635,2.0,0.0047,-0.161,1924861312.0,0.12564999,10.388,1.305,0.33581,0.67810994,0.116160005,0.102690004,0.20950001,2.2809901,0.061750002,0.068,42930800.0,14.33,19.2,13.2,15.1,0.046722256
0.424,130.932,48.47,10.0,0.013300001,0.283,7281699840.0,0.07754,22.216,1.723,0.24325001,0.75504,0.11265001,0.0732,0.4689,5.7274003,0.041479997,-0.062,192260992.0,20.25,35.4,16.5,18.2,0.3870298656678503
1.177,58.917,0.738,2.0,0.0056,0.296,1220929024.0,0.18815,28.917,5.441,0.32377,0.66042,0.00137,0.17356001,0.1345,6.061069,0.14739999,0.384,106795000.0,8.91,61.3,21.2,26.9,0.7240325988499228
0.45,368.492,53.18,8.5,0.008,0.067,3033639168.0,0.084350005,12.503,1.055,0.27532,0.61537,0.00171,0.075780004,0.1592,2.8901577,0.03866,0.068,32738500.0,47.07,25.5,16.3,18.3,0.1233071826565632
0.784,26.013,64.05,2.25,0.0153,0.263,1239051776.0,0.12099,15.351,1.857,0.30125,0.69051003,0.08166,0.11655,0.4395,5.7082996,0.059949998,0.025,126365000.0,5.12,29.7,22.4,23.3,0.549925237
0.839,84.434,103.013,1.65,0.0032,-0.398,2723530496.0,0.11368,27.26,3.099,0.51664,0.77675,0.13502,0.062340003,0.1681,6.0283775,0.052410003,0.174,127574000.0,9.83,46.0,14.7,15.2,-0.076993831
1.089,107.409,22.479,1.5,0.0038,-0.568,2388385024.0,0.15239,20.725,3.158,0.54008996,0.53155,0.30648002,0.084750004,0.1515,3.724083,0.09104,-0.102,122627000.0,9.89,43.2,10.7,12.8,0.2407519455531543
0.825,53.134,62.512,0.1,0.0002,-0.023,1465234944.0,0.17989999,30.083,5.412,0.52386004,0.77364,0.02407,0.15519,0.0115,7.669289,0.10604,0.04,100278000.0,8.69,47.3,20.0,17.2,0.2968391527060658
0.247,129.095,15.032,1.0,0.002,0.467,1855774976.0,0.13375,23.939,3.202,0.45776,0.81198996,0.07848,0.13102001,0.074099995,3.8963554,0.08858,-0.014,91044096.0,13.49,33.8,10.6,13.4,0.2275699268867157
0.676,343.009,80.686,6.0,0.0026,0.115,637487488.0,0.20854001,35.108,7.322,0.70887,0.67212,0.00372,0.17656,0.3461,6.8278093,0.063319996,-0.062,8506860.0,23.02,68.6,8.97,9.26,0.3952254796988361
1.2,96.495,68.84,1.2,0.0035,-0.268,2732120064.0,0.1515,18.396,2.787,0.53058,0.69074994,0.11249,0.06441,0.2186,3.5234985,0.0376,0.048,123301000.0,5.47,61.8,5.96,7.78,0.1244908632880159
0.905,38.454,69.973,0.03,0.0001,1.289,1344047744.0,0.04596,26.15,1.202,0.090900004,0.52968,0.07427,0.043319996,0.0076,5.25303,0.01845,0.35,176111008.0,3.27,83.2,9.07,12.5,0.4519934282925124
1.382,248.165,64.025,5.0,0.0058,0.532,1521805056.0,0.13784,12.301,1.696,0.48759997,0.74480003,0.0212,0.097270004,0.0395,3.505732,0.10795999,-0.011,18778200.0,63.34,30.5,11.6,13.9,-0.004439368
0.899,128.687,75.473,1.0,0.0018,1.454,2088027264.0,0.1362,19.696,2.683,0.34855,0.72656995,0.00177,0.11707,0.119799994,4.2583947,0.035,0.225,64300500.0,8.33,68.8,5.21,10.9,0.5677793354302914
0.995,105.479,45.759,2.2,0.0061,0.056,5637341184.0,0.15005,13.992,2.099,0.57306,0.61144,0.11035,0.12753999,0.1158,3.4134758,0.09102,0.27,198054000.0,17.28,21.6,16.9,17.8,-0.033720121
1.073,297.468,16.239,7.0,0.0116,-0.167,1441990784.0,0.08846,14.968,1.324,0.4911,0.76094,0.13611001,0.07001,0.32880002,2.0338323,0.047059998,-0.022,36039300.0,21.31,33.6,10.0,11.1,-0.077963696
0.726,275.61,0.472,10.25,0.014500001,0.961,736249984.0,0.09806,19.0,1.863,0.31673,0.70889,0.00112,0.06931,0.3401,2.537644,0.09081,0.167,22621400.0,30.13,23.4,9.29,11.9,0.031821814
0.407,116.857,60.51,1.5,0.0044,-0.924,2324904192.0,0.12758,21.763,2.777,0.68611,0.66015,0.1753,0.04693,0.27809998,2.8967028,0.042090002,0.012,92150400.0,8.1,32.2,10.0,11.9,-0.001850784
0.442,121.732,8.28,1.0,0.0024,1.232,502175008.0,0.13430999,17.764,2.386,0.27693,0.80468005,0.01026,0.0921,0.0915,3.3672328,0.07157,0.059,24368800.0,10.94,28.1,11.3,15.6,0.034892333
0.437,342.435,8.614,5.0,0.0061,0.681,1863333504.0,0.09396,13.136,1.234,0.27105,0.76509005,0.09421,0.09802,0.0726,2.394615,0.06164,0.026,29097800.0,41.32,19.7,10.5,13.0,0.3818178872944155
1.483,179.484,1.807,3.5,0.0039,-0.216,3965805056.0,0.16034001,30.182,4.839,0.43558997,0.47018,0.14692001,0.13883,0.2804,5.025518,0.12217,-0.052,137238000.0,21.42,72.6,10.5,16.1,-0.127624434
0.834,274.507,2.033,5.0,0.0116,-0.346,2098599936.0,0.101280004,11.632,1.178,0.32921,0.62251997,0.01228,0.06826,0.2475,1.5613446,0.057210002,-0.108,58705500.0,20.2,21.2,8.68,12.3,0.1112324757951741
0.727,85.863,14.946,1.5,0.0024,0.351,2887294208.0,0.11852,24.482,2.902,0.37818,0.4614,0.20211,0.09474,0.0713,7.407149,0.085260004,0.184,122930000.0,17.53,44.1,20.8,27.4,0.1158590442742379
-0.226,71.629,3.1,0.75,0.0037,0.252,915675008.0,0.13093,24.846,3.253,0.41312,0.76305,0.01209,0.10882,0.1346,2.8438203,0.0917,0.094,115164000.0,5.57,35.8,7.62,10.7,-0.119962264
0.52,342.068,31.189,4.0,0.003,0.292,5284731904.0,0.08292,19.922,1.652,0.30027,0.63166,0.12014,0.06425,0.0853,3.9056563,0.040549997,0.111,73529504.0,35.16,38.2,11.3,15.7,0.2863872372812732
0.851,86.951,59.348,1.7,0.0029,0.918,8031149056.0,0.09715,12.862,1.25,0.34216,0.53443,0.0787,0.07222,0.0401,6.8078575,0.03892,0.3,171788000.0,18.71,31.5,19.7,26.7,0.5630320505994382
0.36,35.988,122.809,0.2,0.0006,0.324,1900130560.0,0.10022,36.201,3.628,0.27045,0.92140996,0.00041,0.0792,0.050100002,8.858508,0.04221,0.199,200520000.0,3.99,85.1,10.3,9.74,-0.028577879
0.57,349.351,22.412,4.0,0.0054,0.192,7352434688.0,0.14619,7.697,1.125,0.23708999,0.55714,0.14358,0.111870006,0.076799996,2.1031857,0.06856,0.133,75665504.0,45.57,16.3,13.2,18.4,0.1912115716947706
0.595,270.812,62.079,10.25,0.0124,-0.105,10499274752.0,0.15855,10.8,1.712,0.52593,0.48509997,0.30516002,0.09636,0.1459,3.0519326,0.07002,-0.096,117670000.0,39.41,19.2,14.5,19.6,0.0272420236019614
0.52,299.234,42.292,8.5,0.0168,-0.602,16321949696.0,0.24043,6.045,1.453,0.37303,0.60709,0.15334,0.13365,0.1557,1.6774497,0.14036,0.082,169402000.0,48.18,11.0,20.5,17.6,0.3627092552237272
1.288,32.314,14.043,0.6,0.0034,-0.157,2087943040.0,0.08996,21.619,1.945,0.27625,0.76719004,0.082770005,0.03165,0.1232,5.4403667,0.04441,0.158,254280000.0,4.06,43.4,12.9,16.6,0.047602412
0.538,44.841,2.582,0.25,0.0012,0.264,1559368192.0,0.07604,23.607,1.795,0.12401,0.52676,0.02804,0.07334,0.0154,4.7333913,0.05771,0.021,196540992.0,6.5,34.4,18.8,23.4,0.02843316
0.406,173.139,27.041,5.0,0.0068,-0.152,4124632576.0,0.10097,29.753,3.004,0.36154,0.56986,0.17082001,0.068969995,0.45450002,4.25092,0.042600002,-0.047,158054000.0,11.01,83.2,7.57,10.5,0.3026656894139492
0.622,109.375,26.973,1.0,0.0042,0.06,3575950080.0,0.128,8.42,1.078,0.38821998,0.49827,0.01002,0.06723,0.0068,2.1650286,0.06815,-0.071,128921000.0,14.77,59.7,6.39,9.25,0.3146443548026818
0.73,216.468,11.155,6.0,0.0034,0.022,5053064704.0,0.12227,27.045,3.307,0.50517,0.67011,0.10408,0.08769,0.1022,8.184581,0.084580004,0.146,79408896.0,44.08,56.0,17.7,22.4,0.4059878416480638
0.91,184.622,163.403,7.0,0.006,0.265,10608074752.0,0.17708,19.216,3.403,0.40737,0.42826,0.28513,0.17895001,0.1527,6.3640842,0.0794,0.06,145107008.0,32.7,43.3,14.2,18.3,0.3037790326659992
0.755,142.75,0.084,6.5,0.0046,0.5,2144894976.0,0.15822,41.68,6.595,0.45841998,0.43003,0.33078,0.11447,0.25059998,10.073555,0.104940005,0.136,64841300.0,21.91,62.2,16.1,21.7,0.6778350097456656
0.463,113.753,6.625,4.0,0.006,-0.252,1912232192.0,0.22945999,19.655,4.51,0.46233,0.7429,0.059159998,0.16350001,0.0847,5.8547907,0.17469,-0.152,61625200.0,23.65,28.1,25.1,31.0,-0.051128195
0.788,127.503,26.58,5.0,0.0053,0.003,12455199744.0,0.20558001,26.559,5.46,0.37974,0.70698,0.1768,0.16384001,0.1908,7.3449254,0.133,-0.001,341814016.0,23.59,52.9,16.3,18.8,0.1285841820722009
0.8,212.065,11.208,4.0,0.0139,-0.543,6714950144.0,0.12989001,10.38,1.348,0.24337,0.70616996,0.027320001,0.08093,0.047199998,1.3547733,0.09435,-0.152,228890000.0,21.2,13.5,12.5,15.9,-0.011970228
-0.115,250.806,19.732,2.5,0.003,0.208,1552715008.0,0.23877001,18.254,4.358,0.75984,0.44172,0.17058,0.12455,0.1507,3.3639545,0.09244,0.22,32289800.0,18.25,44.4,7.52,10.1,0.3559898328962694
0.355,77.568,0.2,3.5,0.0039,0.084,2993019904.0,0.12701,51.437,6.533,0.41922,0.69949996,0.12489,0.11966,0.27989998,11.641398,0.09064999,0.093,174039008.0,12.5,74.2,17.5,23.9,0.049528882
1.138,383.881,35.491,10.0,0.012,-0.148,3604940032.0,0.18736,10.154,1.902,0.2734,0.64976,0.13256,0.137,0.1821,2.1842706,0.1246,-0.071,43653100.0,54.9,15.3,15.5,16.6,-0.054801846
0.483,137.435,12.595,5.0,0.007900001,0.141,554369728.0,0.10538,17.15,1.807,0.39594,0.84174,0.00095,0.080520004,0.21100001,4.656747,0.06701,0.163,14872300.0,23.71,26.7,17.8,23.7,0.1057236191425428
0.677,295.828,0.18,1.8,0.0026,0.246,1016427776.0,0.17163,11.965,2.054,0.51919997,0.56069,0.00631,0.13245,0.0307,2.3155346,0.16542,0.086,20029700.0,48.9,14.0,16.8,22.3,0.1701216888106032
0.685,97.008,26.775,2.5,0.0062,0.114,10318993408.0,0.12706,14.618,1.857,0.32502,0.61879003,0.09233,0.10366,0.0855,4.1542964,0.07526,0.167,347252992.0,17.54,80.2,9.78,13.6,0.6881868530791531
1.029,115.85,79.931,5.5,0.0097,0.431,3949685760.0,0.13407,11.59,1.554,0.36183998,0.60575,0.15802,0.0774,0.2195,4.9028916,0.04744,0.197,68157696.0,20.49,40.3,14.6,14.8,0.2363366550815495
0.505,521.001,13.589,2.0,0.001,1.036,2115325056.0,0.090509996,29.175,2.641,0.31377,0.75577,0.0555,0.07308,0.1024,3.9712017,0.06282,0.028,30071700.0,48.72,41.6,8.67,11.4,0.5958875884142341
0.082,65.183,7.941,0.6,0.0022,-0.146,2624069888.0,0.09194,28.912,2.658,0.2451,0.70932996,0.045089997,0.06311,0.1185,4.2702856,0.04084,-0.021,275780992.0,4.23,46.9,9.36,12.1,0.1131077072066517
0.286,79.591,110.529,1.5,0.0107,-0.111,3669020160.0,0.100480005,6.466,0.65,0.38854998,0.40825,0.04922,0.1065,0.1149,1.7545952,0.04093,-0.15,118515000.0,13.07,11.1,18.2,16.9,0.1916495591028262
0.868,130.95,19.894,5.0,0.0062,-0.014,537225024.0,0.112229995,27.958,3.138,0.70052004,0.74692,0.06371,0.10606,0.22559999,6.1237116,0.1031,-0.022,22263400.0,22.17,36.8,17.7,20.5,0.3772859971813114
0.566,197.023,1.751,3.0,0.0049,0.225,1692945280.0,0.20767,14.616,3.035,0.42844,0.60341,0.031059999,0.19232,0.068,3.0935476,0.15862,0.061,43452600.0,29.4,21.5,14.6,18.8,0.214724347346209
0.93,83.98,27.022,1.4,0.0024,0.423,4949049856.0,0.10378,27.342,2.837,0.36141,0.67686,0.25715,0.07201,0.1263,6.8188853,0.051620003,0.11,235280992.0,10.29,66.6,12.2,14.5,0.3272133660018133
1.155,163.361,117.962,8.0,0.014,0.038,3003303424.0,0.19068001,11.585,2.209,0.52358,0.60141,0.11089,0.13373,0.1407,3.4892051,0.08644,0.032,48281600.0,28.45,19.4,19.2,15.1,0.2889331538936588
0.648,178.956,21.242,3.0,0.0041,-0.119,1348787456.0,0.19011,19.112,3.633,0.4325,0.33546,0.32036,0.12282,0.20629999,4.123919,0.09075,0.058,33228900.0,19.41,38.1,11.6,14.5,-0.128234264
1.205,63.746,161.66,2.0,0.0127,-0.215,2831075072.0,0.05606,13.144,0.737,0.36042,0.77481,0.01235,0.04735,0.3008,2.4851756,0.01903,-0.09,144496000.0,6.65,23.3,11.4,10.8,-0.064043919
0.499,203.961,116.817,2.5,0.0062,0.457,4140932096.0,0.13395001,8.744,1.171,0.26308,0.56573004,0.17508,0.10223,0.0971,1.9942539,0.04682,0.301,56220000.0,25.73,15.8,12.1,11.6,0.1547631238065694
0.545,101.928,0.773,3.0,0.010299999,-0.21,1705975040.0,0.120120004,26.236,3.152,0.41612998,0.28876,0.07893,0.07491,0.3989,2.8451455,0.088549994,-0.062,166903008.0,7.51,38.7,7.18,9.72,0.1031991534196601
0.986,91.979,13.649,5.0,0.012200001,-0.352,383929984.0,0.08162,22.582,1.843,0.23101,0.57707,0.0771,0.07119,0.22850001,4.4694986,0.064050004,-0.017,22627200.0,13.13,32.4,15.8,19.6,-0.165904751
0.482,85.091,9.73,2.25,0.0076,-0.011,4410008064.0,0.1443,13.951,2.013,0.56469,0.47149,0.16676001,0.08249,0.2056,3.4786286,0.05711,-0.156,204868992.0,8.52,34.7,10.5,16.1,0.3892018290662538
0.696,23.116,20.902,0.25,0.005,-0.314,353983488.0,0.10453,18.753,1.96,0.41926998,0.76525,0.02636,0.04808,0.1689,2.18896,0.052270003,0.347,119639000.0,1.48,43.5,5.26,7.37,0.009345608
0.191,29.945,17.464,1.5,0.0063,-0.272,1086525056.0,0.03797,46.514,1.766,0.30906,0.46347,0.31487,0.029830001,0.4573,7.862748,0.02444,0.07,213366000.0,3.29,91.4,10.3,14.2,0.1209264410369286
0.068,64.231,73.183,2.4,0.0074,-0.416,842674240.0,0.2082,15.64,3.256,0.47390997,0.48621,0.00244,0.16995001,0.25030002,4.777288,0.092989996,-0.08,39419800.0,9.58,27.5,20.2,21.2,0.085650191
1.418,182.278,2.359,7.0,0.0177,0.092,2716950016.0,0.10877,8.431,0.917,0.16472,0.76481,0.021259999,0.096920006,0.24270001,2.1714084,0.079840004,0.267,60493600.0,32.96,18.1,16.1,23.3,0.2180285354346471
0.416,51.863,3.957,0.6,0.005,1.458,1542482560.0,0.19118,6.658,1.273,0.34474,0.72646004,0.0007,0.16496,0.041500002,2.3218865,0.14187,0.121,94950000.0,12.06,9.95,20.9,26.8,0.581307722
0.736,129.867,148.038,1.5,0.0011,0.47,2259251968.0,0.17451,21.366,3.729,0.33646,0.37033,0.15742,0.11722,0.0397,10.379849,0.07475,0.321,35464800.0,30.2,49.8,24.2,20.1,0.5214723168283815
0.484,162.589,1.86,4.25,0.014500001,-0.338,523112000.0,0.06597,14.291,0.943,0.24662,0.68236,0.00024,0.03217,0.32029998,1.7713375,0.043509997,-0.119,25989200.0,13.27,22.1,8.26,11.1,0.1337808146782464
0.75,69.335,13.285,6.0,0.0078,0.436,3526217472.0,0.10284001,39.003,4.011,0.35919,0.34739,0.27718002,0.0953,0.26770002,11.1199255,0.09009,-0.051,183812992.0,16.84,47.2,23.3,29.7,0.4365168317502146
1.099,28.422,19.472,0.75,0.0035,0.333,1444385536.0,0.041810002,26.334,1.101,0.07874,0.64551,0.00135,0.03959,0.2187,7.4941945,0.02273,0.192,178658000.0,4.38,48.6,15.2,25.4,0.5519184646534026
0.451,254.031,49.744,2.5,0.0037,-0.163,2701355520.0,0.10329001,10.467,1.081,0.16894,0.62658,0.17759001,0.09184,0.077,2.605981,0.04581,0.213,39641800.0,32.45,21.5,14.4,19.1,0.0216874483411464
0.733,269.251,37.203,3.0,0.0027,-0.385,1001350016.0,0.111870006,14.773,1.653,0.37934,0.71036005,0.0004,0.089420006,0.081499994,4.1299753,0.05045,-0.139,12262200.0,36.87,29.5,16.6,21.3,0.03559575
0.744,188.616,28.271,12.0,0.0165,1.162,7674342400.0,0.03935,14.595,0.574,0.10696,0.6265,0.23532,0.022950001,0.17909999,3.8697674,0.01712,0.088,148626000.0,22.32,25.1,15.4,13.9,0.2054703386427698
0.341,56.934,2.497,2.85,0.007,0.267,4603049984.0,0.17316,27.144,4.7,0.19478,0.72844005,0.03573,0.11793,0.2566,7.1653147,0.09649,0.194,320937984.0,8.0,49.0,15.2,20.2,0.1113375132623204
0.362,97.024,38.705,2.0,0.0035,0.224,1311474944.0,0.14464,23.521,3.402,0.3377,0.70679003,0.07995,0.11306,0.1361,5.874835,0.082320005,0.08,50771000.0,14.72,52.8,17.0,19.8,-0.103323409
0.544,94.076,7.308,2.5,0.007900001,-0.245,2835525120.0,0.107030004,21.263,2.276,0.39354,0.55554,0.22323999,0.083009996,0.3671,3.3696163,0.05015,0.001,194468992.0,6.82,46.6,8.3,11.2,0.1601824244536756
0.331,306.311,68.278,2.5,0.0029,-0.5,15633800192.0,0.16950001,16.123,2.733,0.53564,0.48064998,0.3714,0.07284,0.14140001,2.8128273,0.03499,-0.068,236292000.0,14.13,57.9,5.63,8.17,0.062686958
0.556,467.796,6.006,0.75,0.0032,-0.002,1637728256.0,0.104890004,13.283,1.393,0.37964,0.62249,0.048189998,0.08839,0.0791,0.5006456,0.067600004,0.115,86809104.0,12.65,33.1,5.24,7.37,0.066413777
0.825,148.435,44.951,2.5,0.0025,-0.078,8661843968.0,0.21295,21.962,4.677,0.45464,0.5664,0.14687,0.14462,0.1015,6.703271,0.08452,0.126,180748992.0,19.69,56.1,16.4,18.7,0.3485467236365052
0.662,69.527,95.915,2.5,0.007,-0.091,955604736.0,0.32096002,12.028,3.861,0.52673,0.66927004,0.040749997,0.21885,0.115200005,5.1778445,0.15988,0.06,27425200.0,17.36,40.3,10.9,12.7,-0.097832167
0.281,342.812,17.435,13.0,0.0083,-0.155,5174499840.0,0.12441,18.242,2.269,0.16434,0.74899,0.09172,0.102749996,0.19370002,4.544765,0.08683,0.141,62962700.0,56.74,74.7,10.9,13.5,0.001033151
0.936,168.942,72.894,3.25,0.0057,0.353,3601172224.0,0.0999,11.529,1.152,0.39191002,0.70379996,0.17094,0.04921,0.1282,3.4038308,0.03258,0.101,60190700.0,19.47,29.6,11.8,14.9,0.1373908233911267
0.858,198.161,108.294,2.0,0.0046,0.105,2275899904.0,0.08608,14.182,1.221,0.30245,0.79251,0.09994,0.05673,0.2358,2.2052777,0.01601,0.024,49826000.0,8.49,53.6,4.37,6.77,0.0209806270853949
0.29,317.35,1.099,5.0,0.0148,-0.484,2918475008.0,0.16236,5.672,0.921,0.41397,0.68526,0.08140001,0.08609,0.1276,1.06507,0.13131,-0.01,63068100.0,39.19,9.39,15.2,20.2,0.06799711
1.022,89.793,37.494,1.2,0.0046,-0.294,1780532480.0,0.18222,19.187,3.496,0.28441,0.75798,0.00626,0.1034,0.16520001,2.925618,0.08172,0.184,107263000.0,7.27,26.3,9.72,14.1,-0.018807775
0.248,328.904,10.864,3.0,0.0058,-0.124,1564999936.0,0.03138,8.369,0.263,0.05669,0.58434,0.10695,0.02829,0.0889,1.5700631,0.01602,0.14,24249300.0,33.75,17.6,13.0,19.7,-0.275236996
0.438,13.712,34.255,0.1,0.0019,-0.096,819805760.0,0.19996999,22.624,4.524,0.52332,0.57014,0.015,0.18677999,0.066199996,3.8739789,0.14505,0.13,333447008.0,1.51,44.1,12.1,14.1,-0.171950922
1.224,63.32,52.35,0.4,0.0012,0.773,1232733440.0,0.16695,25.718,4.294,0.30118,0.72388,0.02132,0.15281,0.044499997,5.4793115,0.07715,0.215,84652000.0,6.75,51.9,9.53,11.4,0.5368690831933662
1.13,175.628,45.322,3.0,0.0042,-0.126,2425741824.0,0.0939,13.876,1.303,0.53868,0.58077,0.27446,0.05149,0.133,4.099574,0.03662,-0.014,41003600.0,22.54,31.7,13.5,16.6,0.1805386241029092
0.409,234.855,0.005,4.0,0.0073,-0.283,2312587264.0,0.061240003,15.075,0.923,0.17062001,0.69896007,0.11812,0.043319996,0.1494,2.3376126,0.048979998,0.038,68560400.0,26.75,19.9,12.4,18.7,0.1223624621392547
0.733,304.233,26.864,3.0,0.003,0.204,1558994944.0,0.14368,14.893,2.14,0.59397,0.63304,0.184,0.094560005,0.081199996,2.9567797,0.08543,-0.009,25092600.0,36.92,21.5,13.2,15.6,0.4160419012348999
0.678,58.172,44.162,1.0,0.0059,0.116,388110016.0,0.09394,19.734,1.854,0.42953998,0.69776,0.01605,0.04355,0.4085,2.8761258,0.07278,0.089,48097700.0,6.12,29.4,7.44,9.34,-0.105182041
0.52,91.895,72.692,1.0,0.0047,-0.139,4638794752.0,0.106929995,9.411,1.006,0.34870997,0.75037,0.02056,0.08241,0.0235,2.3396268,0.15401,-0.018,156928992.0,42.58,15.4,17.7,18.7,-0.047303166
0.343,414.736,0.773,4.0,0.0182,-0.295,444348256.0,0.10221,3.294,0.337,0.36450002,0.65093005,0.01684,0.07428,0.0939,0.53248334,0.13382,-0.079,15608400.0,37.29,5.76,10.5,13.4,-0.05043414
0.662,124.087,26.287,2.0,0.0035,0.402,1153707264.0,0.11618,18.052,2.097,0.47109002,0.79635,0.0956,0.08677,0.118999995,4.629816,0.06113,0.277,36024200.0,16.84,49.6,9.1,11.1,0.5520927627622036
0.464,165.98,40.648,6.1,0.0051,-0.891,3335389952.0,0.13007,26.168,3.404,0.42981997,0.47414002,0.24260001,0.072119996,0.29479998,7.018316,0.04676,0.042,69227200.0,17.3,73.3,9.46,9.73,0.6590026052504045
0.679,162.792,19.0,6.85,0.0048,0.112,9005200384.0,0.15652001,34.14,5.344,0.56384,0.49553,0.30742002,0.12911001,0.2685,8.8395,0.09315,0.062,210128000.0,25.53,60.5,15.5,18.8,0.255607920454814
0.79,98.335,51.982,2.5,0.0049,0.151,3442162432.0,0.116639994,20.585,2.401,0.41739,0.49061,0.20512,0.08189999,0.1892,5.1456757,0.058379997,0.081,137068992.0,12.43,29.7,19.6,21.3,0.1846601096083784
1.337,200.337,0.739,5.0,0.0069,0.564,6092425216.0,0.07784,12.813,0.997,0.23035,0.69318,0.02805,0.06365,0.1351,3.6039274,0.04631,0.01,108498000.0,33.29,21.7,16.2,20.8,0.2575155643838593
0.61,87.075,18.374,0.7,0.0022,0.184,1201222528.0,0.14974,17.197,2.575,0.45986,0.63111,0.00214,0.12765999,0.0327,3.6864774,0.14107999,0.144,61728200.0,18.34,27.3,16.6,20.0,0.1293501033073987
1.513,154.81,3.472,12.0,0.014,0.043,7153028096.0,0.17799,15.225,2.71,0.22049,0.52514,0.12038,0.17442,0.24309999,5.5745754,0.13788,0.1,134567008.0,41.1,72.6,26.2,26.3,-0.087962668
0.201,257.745,9.508,9.0,0.0087,0.103,4254162432.0,0.10293,18.526,1.907,0.13069999,0.72559,0.12578,0.07157,0.1517,4.0039573,0.08698,0.1,76542896.0,46.18,23.0,19.3,20.4,0.2089403637088125
0.537,183.601,1.486,8.0,0.0077,-0.31,1711474944.0,0.13781,22.715,3.13,0.19530001,0.71990997,0.10727,0.09438,0.2526,5.6641846,0.09794,-0.039,38380000.0,31.69,32.6,20.2,26.5,-0.027309018
0.513,179.125,25.844,2.0,0.0011,0.72,3181104896.0,0.20332001,39.67,8.066,0.55647,0.74786,0.19522,0.12226,0.0637,10.607118,0.13371,0.268,66535500.0,31.36,82.7,11.6,14.2,0.3408855217422575
0.825,63.408,24.941,0.5,0.0025,1.275,3169192192.0,0.08479,24.525,2.079,0.1531,0.48256,0.13716,0.06948,0.0395,3.1068635,0.0366,0.358,399467008.0,3.81,56.7,5.83,11.4,0.1819651441620617
0.59,41.033,25.367,0.5,0.0019,0.358,596174272.0,0.14608,43.101,6.296,0.62982,0.77625,0.00036,0.21765,0.0921,6.5691023,0.122559994,0.273,92040096.0,5.42,74.0,8.49,11.4,0.2550536360587854
0.43,34.304,18.572,0.5,0.0016,0.526,2120965504.0,0.15117,28.173,4.259,0.48991,0.55653,0.092480004,0.14130001,0.0318,8.901295,0.10859,0.03,192804992.0,7.88,35.9,25.4,22.6,0.3173907808930414
1.129,112.78,31.722,2.0,0.0051,0.413,7404289536.0,0.14358,13.118,1.883,0.28206,0.53925,0.1366,0.10904,0.0851,3.505054,0.0647,0.139,226928992.0,14.69,52.2,8.92,10.7,0.4028374512619717
1.224,175.211,7.428,0.8,0.0007,-0.037,4505081856.0,0.11715,31.687,3.712,0.22695999,0.40558997,0.23096001,0.10486,0.0223,6.2439003,0.07577,-0.008,134674000.0,22.42,49.0,18.6,25.4,0.1793547827150368
0.532,95.806,2.094,1.2,0.0135,-0.023,628061248.0,0.0374,6.308,0.236,0.18252,0.48860002,0.02244,0.011619999,0.2717,0.92374176,0.029590001,0.024,89971504.0,5.52,16.2,6.38,8.88,0.081299478
0.884,132.58,49.086,3.5,0.008,-0.54,5885021696.0,0.11056,18.568,2.053,0.29583,0.66543996,0.10609,0.04409,0.33580002,3.2810378,0.06741,0.086,218898000.0,16.36,26.8,14.1,14.8,0.297327673
0.259,150.767,8.599,6.0,0.0069,-0.13,3013799936.0,0.11252,37.459,4.215,0.41275,0.71704,0.19485001,0.06336,0.3743,5.7970247,0.082959995,0.001,136947008.0,15.99,51.5,11.6,15.3,0.2308402701292236
0.885,511.61,43.437,3.0,0.0046,-0.768,1617229696.0,0.07967,18.808,1.498,0.26771,0.71796,0.053000003,0.051009998,0.116000004,1.2822267,0.04422,0.019,34695400.0,25.84,48.6,6.86,10.7,0.2837252936061123
0.641,78.088,15.262,2.75,0.0065,0.033,6124000256.0,0.18917999,21.335,4.036,0.50678,0.31674,0.18749,0.1601,0.17819999,5.372144,0.13201,0.015,304742016.0,14.01,41.2,26.8,31.6,0.2275360099649814
1.158,182.519,112.015,2.5,0.0069,-0.812,2335185408.0,0.114429995,9.239,1.057,0.25029,0.81985,0.00049,0.05262,0.088999994,2.003353,0.05246,-0.014,38138100.0,28.07,12.9,20.8,17.8,0.083839196
0.924,44.327,19.467,0.5,0.007,-0.204,746771008.0,0.067379996,20.041,1.35,0.19836001,0.51052,0.02148,0.055609997,0.085,1.3964401,0.05923,0.347,223836992.0,2.94,23.2,6.6,7.64,-0.076377743
0.209,55.885,7.274,3.4,0.0071,0.006,578321728.0,0.18855,41.477,7.82,0.37390998,0.67843,0.00017,0.14651,0.19129999,8.633801,0.119090006,0.041,49945000.0,7.3,65.4,13.8,17.3,0.0559423876859312
0.821,88.186,11.636,2.0,0.0069,0.395,1835583744.0,0.11013,13.331,1.468,0.29900998,0.75303,0.03224,0.095819995,0.16540001,3.3111832,0.05948,0.013,81558096.0,12.1,23.9,13.2,17.5,0.2752345303806969
0.423,319.836,19.503,4.0,0.0085,0.746,11161900032.0,0.11756,13.364,1.571,0.43254003,0.64568,0.20086001,0.10873,0.1358,1.4698159,0.077259995,-0.004,289175008.0,25.8,19.3,6.57,8.1,0.0101773869792998
0.817,214.635,33.98,5.0,0.0071,0.502,15835400192.0,0.09651,11.93,1.151,0.31267,0.52047,0.23371,0.092159994,0.1099,3.2613506,0.07272,-0.229,262263008.0,45.48,36.5,13.6,14.8,0.234318051662667
0.614,170.596,30.604,3.0,0.0054,0.081,4595474944.0,0.14916,16.476,2.458,0.31734,0.64736,0.06587,0.14503,0.1234,3.2708857,0.09781,0.298,136514000.0,24.3,27.1,11.6,15.4,0.5617711493402391
0.513,216.323,0.809,5.5,0.0058,0.112,795444992.0,0.12028,22.378,2.692,0.37387002,0.62513,0.08321,0.08376,0.1402,4.414695,0.09012,0.21,20900300.0,28.52,33.4,13.6,18.1,0.5873555060922975
0.264,254.38,7.105,2.0,0.0018,0.067,623953984.0,0.1319,36.081,4.759,0.31027,0.65158,0.02429,0.09415,0.091000006,4.347826,0.09852,0.058,22034600.0,21.98,50.3,12.7,17.0,0.055339966
